counties_with_data,mean_incidence,median_incidence,sd_incidence,min_incidence,max_incidence,total_cases
47,439.5976461762404,446.0791160352528,222.87261617409635,68.46026338171214,795.7023324677721,3581439
