ADM1_NAME,incidence_rate,cases
Mandera,795.7023324677721,114399
Nakuru,772.2681744024158,93852
Kakamega,767.6250090124086,114230
Laikipia,765.8777368604206,122459
Elgeyo-Marakwet,755.350463220384,69119
Nandi,726.724283839576,56011
Kisii,724.8687278013676,60676
Homa Bay,719.3142832955346,86337
Lamu,717.1544870478101,122796
Busia,712.2630530036986,11646
