"niveau","fichier","nombre_entites","crs","type_geometrie","xmin","xmax","ymin","ymax"
"pays","gadm41_CIV_0.shp",1,"WGS 84","MULTIPOLYGON",-8.59930229199989,-2.49488766699994,4.36180686900002,10.7366399770002
"district","gadm41_CIV_1.shp",14,"WGS 84","MULTIPOLYGON",-8.59930229199989,-2.49488766699994,4.36180686900002,10.7366399770002
"régions","gadm41_CIV_2.shp",33,"WGS 84","MULTIPOLYGON",-8.59930229199989,-2.49488766699994,4.36180686900002,10.7366399770002
"sous-préfectures","gadm41_CIV_3.shp",113,"WGS 84","MULTIPOLYGON",-8.59930229199989,-2.49488766699994,4.36180686900002,10.7366399770002
"communes","gadm41_CIV_4.shp",191,"WGS 84","MULTIPOLYGON",-8.59930229199989,-2.49488766699994,4.36180686900002,10.7366399770002
