crop_production_system,yield
irrigated,3.357747216039051
none,1.0122682035663648
recessional (PS),0.34327890094218466
