country_area_km2,protected_km2,pct_protected
115222.09128180539,54993.11244369581,47.72792424778679
